MMSI,timestamp,Latitude,Longitude,SOG,COG,Ship type,event_id
211810060,2021-12-24 09:16:07,54.757268,14.779185,2.7,132.0,HSC,0
211810060,2021-12-24 09:16:17,54.757187,14.779352,2.7,129.8,HSC,0
211810060,2021-12-24 09:16:28,54.757098,14.779535,2.7,129.5,HSC,0
211810060,2021-12-24 09:16:37,54.75703,14.77969,2.7,127.9,HSC,0
211810060,2021-12-24 09:16:47,54.75695,14.77985,2.6,129.6,HSC,0
211810060,2021-12-24 09:16:58,54.75687,14.78004,2.6,127.6,HSC,0
211810060,2021-12-24 09:17:07,54.7568,14.780157,2.6,130.1,HSC,0
211810060,2021-12-24 09:17:17,54.756723,14.780313,2.6,129.9,HSC,0
211810060,2021-12-24 09:17:28,54.75664,14.780488,2.6,130.3,HSC,0
211810060,2021-12-24 09:17:37,54.756567,14.780655,2.6,129.7,HSC,0
211810060,2021-12-24 09:17:48,54.756488,14.780813,2.6,129.6,HSC,0
211810060,2021-12-24 09:17:58,54.756395,14.780983,2.6,130.4,HSC,0
211810060,2021-12-24 09:18:07,54.75632,14.781137,2.7,130.1,HSC,0
211810060,2021-12-24 09:18:17,54.756238,14.78128,2.7,131.7,HSC,0
211810060,2021-12-24 09:18:28,54.756112,14.781482,3.0,135.4,HSC,0
211810060,2021-12-24 09:18:37,54.755955,14.781743,4.3,135.5,HSC,0
211810060,2021-12-24 09:18:48,54.755783,14.782307,6.5,120.6,HSC,0
211810060,2021-12-24 09:18:54,54.755692,14.78275,7.9,114.8,HSC,0
211810060,2021-12-24 09:18:58,54.755647,14.783018,8.2,112.0,HSC,0
211810060,2021-12-24 09:19:01,54.7556,14.783212,8.3,112.0,HSC,0
211810060,2021-12-24 09:19:07,54.755475,14.783535,8.2,116.9,HSC,0
211810060,2021-12-24 09:19:11,54.755397,14.783755,8.1,118.1,HSC,0
211810060,2021-12-24 09:19:17,54.755273,14.784143,7.9,117.9,HSC,0
211810060,2021-12-24 09:19:28,54.75504,14.784757,8.2,121.4,HSC,0
211810060,2021-12-24 09:19:37,54.754813,14.785253,8.5,125.1,HSC,0
211810060,2021-12-24 09:19:44,54.754648,14.78563,8.5,126.1,HSC,0
211810060,2021-12-24 09:19:48,54.754568,14.785783,8.5,127.4,HSC,0
211810060,2021-12-24 09:19:51,54.75446,14.785983,8.5,129.2,HSC,0
211810060,2021-12-24 09:19:58,54.754262,14.786327,8.6,131.7,HSC,0
211810060,2021-12-24 09:20:04,54.754042,14.78671,9.7,133.4,HSC,0
211810060,2021-12-24 09:20:07,54.75392,14.786918,10.4,134.1,HSC,0
211810060,2021-12-24 09:20:11,54.753795,14.787117,10.9,135.1,HSC,0
211810060,2021-12-24 09:20:14,54.753633,14.78736,11.1,136.4,HSC,0
211810060,2021-12-24 09:20:17,54.753535,14.787453,11.2,138.8,HSC,0
211810060,2021-12-24 09:20:23,54.753535,14.787453,11.2,138.8,HSC,0
211810060,2021-12-24 09:20:28,54.752807,14.787902,13.7,155.0,HSC,0
211810060,2021-12-24 09:20:34,54.752335,14.788,14.9,163.9,HSC,0
211810060,2021-12-24 09:20:37,54.751998,14.787925,15.6,172.3,HSC,0
211810060,2021-12-24 09:20:41,54.751737,14.78789,16.3,175.8,HSC,0
211810060,2021-12-24 09:20:43,54.751563,14.787822,16.6,178.7,HSC,0
211810060,2021-12-24 09:20:44,54.751477,14.787792,16.7,180.0,HSC,0
211810060,2021-12-24 09:20:45,54.751392,14.78775,16.8,181.5,HSC,0
211810060,2021-12-24 09:20:47,54.751222,14.78768,17.0,183.9,HSC,0
211810060,2021-12-24 09:20:48,54.75114,14.78763,17.1,185.2,HSC,0
211810060,2021-12-24 09:20:49,54.751067,14.787565,17.1,187.0,HSC,0
211810060,2021-12-24 09:20:51,54.750912,14.787455,17.1,189.7,HSC,0
211810060,2021-12-24 09:20:51,54.750912,14.787455,17.1,189.7,HSC,0
211810060,2021-12-24 09:20:53,54.750782,14.787293,16.9,194.0,HSC,0
211810060,2021-12-24 09:20:55,54.750593,14.787083,16.6,198.6,HSC,0
211810060,2021-12-24 09:20:57,54.750475,14.786943,16.3,201.1,HSC,0
211810060,2021-12-24 09:20:58,54.750417,14.786875,16.2,202.2,HSC,0
211810060,2021-12-24 09:21:00,54.750362,14.786828,16.0,202.6,HSC,0
211810060,2021-12-24 09:21:02,54.750235,14.786678,14.8,204.8,HSC,0
211810060,2021-12-24 09:21:03,54.750205,14.786638,14.2,205.3,HSC,0
211810060,2021-12-24 09:21:05,54.750155,14.786575,13.0,206.3,HSC,0
211810060,2021-12-24 09:21:07,54.750095,14.7865,12.1,207.3,HSC,0
211810060,2021-12-24 09:21:09,54.750028,14.786425,11.4,208.1,HSC,0
211810060,2021-12-24 09:21:12,54.749962,14.786342,11.0,209.4,HSC,0
211810060,2021-12-24 09:21:13,54.749907,14.78623,10.6,211.7,HSC,0
211810060,2021-12-24 09:21:15,54.749828,14.786147,10.4,212.3,HSC,0
211810060,2021-12-24 09:21:17,54.749767,14.786023,10.3,214.6,HSC,0
211810060,2021-12-24 09:21:18,54.749725,14.785982,10.3,214.6,HSC,0
211810060,2021-12-24 09:21:19,54.749688,14.785932,10.3,214.9,HSC,0
211810060,2021-12-24 09:21:22,54.749628,14.785808,10.3,217.1,HSC,0
211810060,2021-12-24 09:21:27,54.749443,14.785457,10.1,221.8,HSC,0
211810060,2021-12-24 09:21:28,54.749418,14.785392,10.0,222.9,HSC,0
211810060,2021-12-24 09:21:29,54.749387,14.78534,10.0,223.2,HSC,0
211810060,2021-12-24 09:21:31,54.749343,14.785207,9.8,225.9,HSC,0
211810060,2021-12-24 09:21:33,54.749303,14.785082,9.7,228.1,HSC,0
211810060,2021-12-24 09:21:35,54.749255,14.784972,9.5,229.2,HSC,0
211810060,2021-12-24 09:21:37,54.749218,14.784873,9.1,230.4,HSC,0
211810060,2021-12-24 09:21:41,54.74914,14.78471,8.4,230.7,HSC,0
211810060,2021-12-24 09:21:43,54.749128,14.784665,8.2,231.5,HSC,0
211810060,2021-12-24 09:21:46,54.749085,14.784567,7.4,232.0,HSC,0
211810060,2021-12-24 09:21:49,54.749052,14.784455,6.9,233.8,HSC,0
211810060,2021-12-24 09:21:53,54.749015,14.784305,5.8,237.0,HSC,0
211810060,2021-12-24 09:21:55,54.749002,14.784238,5.6,239.0,HSC,0
211810060,2021-12-24 09:21:57,54.748995,14.784185,5.2,240.7,HSC,0
211810060,2021-12-24 09:22:00,54.748987,14.784138,4.8,241.8,HSC,0
211810060,2021-12-24 09:22:02,54.74898,14.784095,4.5,243.2,HSC,0
211810060,2021-12-24 09:22:03,54.748977,14.784045,4.2,245.2,HSC,0
211810060,2021-12-24 09:22:06,54.748972,14.783995,4.0,247.2,HSC,0
211810060,2021-12-24 09:22:07,54.74897,14.783972,3.9,248.3,HSC,0
211810060,2021-12-24 09:22:10,54.748967,14.783907,3.6,251.4,HSC,0
211810060,2021-12-24 09:22:12,54.748967,14.783882,3.3,253.3,HSC,0
211810060,2021-12-24 09:22:13,54.748965,14.783867,3.1,253.5,HSC,0
211810060,2021-12-24 09:22:17,54.748967,14.783822,2.6,256.2,HSC,0
211810060,2021-12-24 09:22:19,54.748968,14.783798,2.3,257.9,HSC,0
211810060,2021-12-24 09:22:21,54.748968,14.783783,1.9,258.6,HSC,0
211810060,2021-12-24 09:22:23,54.748965,14.783777,1.8,256.9,HSC,0
211810060,2021-12-24 09:22:25,54.748972,14.78377,1.5,260.5,HSC,0
211810060,2021-12-24 09:22:27,54.748972,14.783738,1.5,262.5,HSC,0
211810060,2021-12-24 09:22:30,54.74897,14.783715,1.4,264.3,HSC,0
211810060,2021-12-24 09:22:31,54.748978,14.783725,1.2,268.3,HSC,0
211810060,2021-12-24 09:22:33,54.748977,14.783712,1.0,269.5,HSC,0
211810060,2021-12-24 09:22:35,54.748967,14.783693,1.0,263.7,HSC,0
211810060,2021-12-24 09:22:37,54.748978,14.783697,0.8,274.8,HSC,0
211810060,2021-12-24 09:22:39,54.748978,14.783688,0.8,274.2,HSC,0
211810060,2021-12-24 09:22:41,54.748973,14.783668,0.8,272.7,HSC,0
211810060,2021-12-24 09:22:43,54.748983,14.783693,0.5,285.8,HSC,0
211810060,2021-12-24 09:22:46,54.74897,14.783683,0.5,264.2,HSC,0
211810060,2021-12-24 09:22:47,54.748973,14.783688,0.3,272.4,HSC,0
211810060,2021-12-24 09:22:49,54.748977,14.7837,0.2,292.9,HSC,0
211810060,2021-12-24 09:22:51,54.748985,14.783705,0.2,336.7,HSC,0
211810060,2021-12-24 09:22:53,54.748983,14.783717,0.2,359.3,HSC,0
211810060,2021-12-24 09:22:55,54.748963,14.78373,0.2,128.9,HSC,0
211810060,2021-12-24 09:22:57,54.74895,14.783765,0.6,131.8,HSC,0
211810060,2021-12-24 09:23:00,54.748942,14.783755,0.6,147.9,HSC,0
211810060,2021-12-24 09:23:02,54.74894,14.783767,0.6,141.0,HSC,0
211810060,2021-12-24 09:23:03,54.74895,14.783772,0.4,130.5,HSC,0
211810060,2021-12-24 09:23:05,54.748947,14.783765,0.3,139.7,HSC,0
211810060,2021-12-24 09:23:07,54.74895,14.783777,0.3,118.8,HSC,0
211810060,2021-12-24 09:23:09,54.748952,14.783777,0.2,111.5,HSC,0
211810060,2021-12-24 09:23:13,54.748965,14.783775,0.2,35.1,HSC,0
211810060,2021-12-24 09:23:17,54.748973,14.783767,0.3,1.8,HSC,0
211810060,2021-12-24 09:23:19,54.748972,14.78377,0.2,8.3,HSC,0
211810060,2021-12-24 09:23:23,54.748978,14.783782,0.3,26.0,HSC,0
211810060,2021-12-24 09:23:25,54.74897,14.78377,0.1,12.0,HSC,0
211810060,2021-12-24 09:23:27,54.748975,14.783777,0.2,25.9,HSC,0
211810060,2021-12-24 09:23:31,54.748978,14.783775,0.2,10.1,HSC,0
211810060,2021-12-24 09:23:33,54.748978,14.783768,0.2,345.7,HSC,0
211810060,2021-12-24 09:23:37,54.748987,14.783768,0.3,353.4,HSC,0
211810060,2021-12-24 09:23:43,54.748993,14.783752,0.4,337.9,HSC,0
211810060,2021-12-24 09:23:49,54.749008,14.783742,0.5,337.8,HSC,0
211810060,2021-12-24 09:23:55,54.749023,14.783715,0.6,329.1,HSC,0
211810060,2021-12-24 09:24:02,54.749047,14.783708,0.8,338.0,HSC,0
211810060,2021-12-24 09:24:07,54.74906,14.783697,0.8,337.2,HSC,0
211810060,2021-12-24 09:24:13,54.749092,14.783688,1.0,341.6,HSC,0
211810060,2021-12-24 09:24:19,54.749118,14.783675,1.0,342.2,HSC,0
211810060,2021-12-24 09:24:24,54.749138,14.783668,1.1,343.8,HSC,0
211810060,2021-12-24 09:24:25,54.74915,14.783662,1.1,343.1,HSC,0
211810060,2021-12-24 09:24:31,54.749185,14.783647,1.2,344.5,HSC,0
211810060,2021-12-24 09:24:33,54.749193,14.78364,1.2,343.7,HSC,0
211810060,2021-12-24 09:24:42,54.749248,14.783622,1.3,345.8,HSC,0
211810060,2021-12-24 09:24:53,54.749308,14.7836,1.4,346.9,HSC,0
211810060,2021-12-24 09:24:55,54.749328,14.783592,1.4,347.5,HSC,0
211810060,2021-12-24 09:25:02,54.749368,14.783577,1.4,348.1,HSC,0
211810060,2021-12-24 09:25:04,54.74938,14.783568,1.4,347.5,HSC,0
211810060,2021-12-24 09:25:07,54.749407,14.783553,1.5,346.9,HSC,0
211810060,2021-12-24 09:25:13,54.749445,14.783528,1.5,345.8,HSC,0
211810060,2021-12-24 09:25:24,54.749513,14.783507,1.5,347.9,HSC,0
211810060,2021-12-24 09:25:33,54.74958,14.783478,1.6,346.9,HSC,0
211810060,2021-12-24 09:25:42,54.749635,14.783457,1.6,347.0,HSC,0
211810060,2021-12-24 09:25:53,54.749722,14.783438,1.6,349.5,HSC,0
211810060,2021-12-24 09:26:04,54.749797,14.783413,1.6,347.8,HSC,0
211810060,2021-12-24 09:26:13,54.749865,14.783392,1.6,348.5,HSC,0
211810060,2021-12-24 09:26:23,54.749865,14.783392,1.6,348.5,HSC,0
211810060,2021-12-24 09:26:24,54.749943,14.783377,1.6,350.9,HSC,0
211810060,2021-12-24 09:26:33,54.750012,14.783355,1.6,351.0,HSC,0
211810060,2021-12-24 09:26:42,54.75008,14.783363,1.6,356.8,HSC,0
211810060,2021-12-24 09:26:53,54.750152,14.783353,1.6,357.2,HSC,0
211810060,2021-12-24 09:27:04,54.75023,14.783355,1.6,358.8,HSC,0
211810060,2021-12-24 09:27:13,54.75029,14.783375,1.7,2.6,HSC,0
211810060,2021-12-24 09:27:24,54.750365,14.783392,1.7,4.9,HSC,0
211810060,2021-12-24 09:27:33,54.750428,14.783397,1.6,2.1,HSC,0
211810060,2021-12-24 09:27:42,54.750505,14.783405,1.6,1.7,HSC,0
211810060,2021-12-24 09:27:53,54.750588,14.783408,1.6,1.1,HSC,0
211810060,2021-12-24 09:28:04,54.750668,14.78341,1.6,0.5,HSC,0
211810060,2021-12-24 09:28:13,54.750737,14.783425,1.7,3.7,HSC,0
211810060,2021-12-24 09:28:24,54.750812,14.783435,1.7,4.6,HSC,0
211810060,2021-12-24 09:28:33,54.750863,14.783457,1.3,8.8,HSC,0
211810060,2021-12-24 09:28:42,54.75068,14.783638,2.6,142.8,HSC,0
211810060,2021-12-24 09:28:53,54.750397,14.783885,5.2,151.7,HSC,0
211810060,2021-12-24 09:29:04,54.750073,14.78404,6.0,160.8,HSC,0
211810060,2021-12-24 09:29:12,54.749933,14.784057,5.5,166.7,HSC,0
211810060,2021-12-24 09:29:13,54.749898,14.784062,4.8,167.7,HSC,0
211810060,2021-12-24 09:29:16,54.749918,14.784135,3.3,154.7,HSC,0
211810060,2021-12-24 09:29:20,54.750002,14.784303,2.7,105.2,HSC,0
211810060,2021-12-24 09:29:24,54.750058,14.784513,4.1,83.0,HSC,0
211810060,2021-12-24 09:29:26,54.750097,14.78476,5.7,78.7,HSC,0
211810060,2021-12-24 09:29:30,54.750108,14.785082,7.1,81.6,HSC,0
211810060,2021-12-24 09:29:33,54.750107,14.785238,7.1,83.6,HSC,0
211810060,2021-12-24 09:29:37,54.750095,14.78546,7.0,86.9,HSC,0
211810060,2021-12-24 09:29:40,54.750092,14.785605,7.3,88.0,HSC,0
211810060,2021-12-24 09:29:42,54.750077,14.785867,8.2,90.4,HSC,0
211810060,2021-12-24 09:29:46,54.750078,14.786287,9.7,90.1,HSC,0
211810060,2021-12-24 09:29:50,54.750143,14.786782,11.5,84.7,HSC,0
211810060,2021-12-24 09:29:53,54.750213,14.78719,13.0,80.9,HSC,0
211810060,2021-12-24 09:29:57,54.75029,14.787625,14.4,78.3,HSC,0
211810060,2021-12-24 09:30:00,54.75045,14.788217,16.2,73.4,HSC,0
211810060,2021-12-24 09:30:04,54.7506,14.788677,17.5,69.5,HSC,0
211810060,2021-12-24 09:30:07,54.75077,14.789118,18.6,65.5,HSC,0
211810060,2021-12-24 09:30:08,54.750833,14.789253,18.8,63.9,HSC,0
211810060,2021-12-24 09:30:09,54.75097,14.789505,19.2,60.7,HSC,0
211810060,2021-12-24 09:30:10,54.75097,14.789505,19.2,60.7,HSC,0
211810060,2021-12-24 09:30:12,54.751118,14.789738,19.5,57.1,HSC,0
211810060,2021-12-24 09:30:13,54.751282,14.789925,19.6,52.9,HSC,0
211810060,2021-12-24 09:30:14,54.751282,14.789925,19.6,52.9,HSC,0
211810060,2021-12-24 09:30:16,54.751558,14.790113,19.5,44.9,HSC,0
211810060,2021-12-24 09:30:16,54.751558,14.790113,19.5,44.9,HSC,0
211810060,2021-12-24 09:30:18,54.751658,14.790123,19.4,41.4,HSC,0
211810060,2021-12-24 09:30:20,54.751857,14.790193,19.4,35.7,HSC,0
211810060,2021-12-24 09:30:22,54.752165,14.79018,19.3,26.0,HSC,0
211810060,2021-12-24 09:30:24,54.752272,14.79017,19.4,23.0,HSC,0
211810060,2021-12-24 09:30:28,54.752692,14.790098,19.9,13.1,HSC,0
211810060,2021-12-24 09:30:30,54.752902,14.790063,20.3,9.5,HSC,0
211810060,2021-12-24 09:30:32,54.75311,14.790017,20.6,6.4,HSC,0
211810060,2021-12-24 09:30:33,54.753212,14.789987,20.7,4.8,HSC,0
211810060,2021-12-24 09:30:34,54.753317,14.789955,20.8,3.3,HSC,0
211810060,2021-12-24 09:30:36,54.753518,14.789853,21.0,359.9,HSC,0
211810060,2021-12-24 09:30:38,54.753712,14.789718,21.0,356.1,HSC,0
211810060,2021-12-24 09:30:40,54.753985,14.789453,21.0,349.8,HSC,0
211810060,2021-12-24 09:30:42,54.754072,14.789355,21.0,347.7,HSC,0
211810060,2021-12-24 09:30:42,54.754157,14.789247,21.0,345.4,HSC,0
211810060,2021-12-24 09:30:44,54.754233,14.789123,21.0,342.9,HSC,0
211810060,2021-12-24 09:30:46,54.754387,14.788878,21.0,338.4,HSC,0
211810060,2021-12-24 09:30:48,54.754533,14.788615,21.0,334.0,HSC,0
211810060,2021-12-24 09:30:50,54.754672,14.788338,21.1,329.9,HSC,0
211810060,2021-12-24 09:30:52,54.7548,14.788045,21.2,325.8,HSC,0
211810060,2021-12-24 09:30:53,54.75486,14.787895,21.2,323.9,HSC,0
211810060,2021-12-24 09:30:54,54.754913,14.787738,21.2,321.8,HSC,0
211810060,2021-12-24 09:30:56,54.755048,14.787243,21.2,315.2,HSC,0
211810060,2021-12-24 09:31:00,54.755177,14.786742,21.3,309.7,HSC,0
211810060,2021-12-24 09:31:02,54.755302,14.786233,21.6,305.5,HSC,0
211810060,2021-12-24 09:31:04,54.755385,14.785895,21.7,303.1,HSC,0
211810060,2021-12-24 09:31:06,54.75546,14.785558,21.9,301.2,HSC,0
211810060,2021-12-24 09:31:08,54.755507,14.785208,21.8,298.2,HSC,0
211810060,2021-12-24 09:31:09,54.755525,14.78503,21.8,296.7,HSC,0
211810060,2021-12-24 09:31:12,54.755555,14.784672,21.8,293.5,HSC,0
211810060,2021-12-24 09:31:14,54.75557,14.784132,21.7,288.5,HSC,0
211810060,2021-12-24 09:31:16,54.755555,14.783772,21.7,284.7,HSC,0
211810060,2021-12-24 09:31:18,54.755537,14.78359,21.6,282.6,HSC,0
211810060,2021-12-24 09:31:20,54.755508,14.783047,21.7,278.0,HSC,0
211810060,2021-12-24 09:31:22,54.755478,14.782687,21.8,275.1,HSC,0
211810060,2021-12-24 09:31:24,54.755432,14.782333,21.8,272.1,HSC,0
211810060,2021-12-24 09:31:26,54.755407,14.782155,21.8,270.7,HSC,0
211810060,2021-12-24 09:31:28,54.755335,14.781623,21.9,267.2,HSC,0
211810060,2021-12-24 09:31:30,54.755303,14.781452,21.9,265.9,HSC,0
211810060,2021-12-24 09:31:32,54.7552,14.780932,22.0,262.3,HSC,0
211810060,2021-12-24 09:31:34,54.755167,14.780758,22.1,261.3,HSC,0
211810060,2021-12-24 09:31:36,54.755095,14.780413,22.2,259.5,HSC,0
211810060,2021-12-24 09:31:38,54.755037,14.780065,22.3,258.2,HSC,0
211810060,2021-12-24 09:31:40,54.75495,14.779538,22.4,257.2,HSC,0
211810060,2021-12-24 09:31:42,54.754922,14.779363,22.4,257.0,HSC,0
211810060,2021-12-24 09:31:44,54.754872,14.77901,22.5,256.8,HSC,0
211810060,2021-12-24 09:31:46,54.754813,14.77866,22.5,256.4,HSC,0
211810060,2021-12-24 09:31:48,54.754745,14.778318,22.5,255.6,HSC,0
211810060,2021-12-24 09:31:52,54.75461,14.777633,22.5,254.3,HSC,0
211810060,2021-12-24 09:31:58,54.754455,14.776577,22.6,254.9,HSC,0
211810060,2021-12-24 09:32:04,54.754252,14.77554,22.7,253.5,HSC,0
211810060,2021-12-24 09:32:09,54.75406,14.774505,22.7,253.0,HSC,0
211810060,2021-12-24 09:32:16,54.753877,14.773463,22.7,253.0,HSC,0
211810060,2021-12-24 09:32:22,54.753683,14.772422,22.7,252.7,HSC,0
211810060,2021-12-24 09:32:23,54.753683,14.772422,22.7,252.7,HSC,0
211810060,2021-12-24 09:32:28,54.75349,14.771385,22.8,252.5,HSC,0
211810060,2021-12-24 09:32:34,54.753287,14.770347,22.8,251.9,HSC,0
211810060,2021-12-24 09:32:40,54.753068,14.769128,22.8,252.3,HSC,0
211810060,2021-12-24 09:32:46,54.752883,14.76808,22.8,252.7,HSC,0
211810060,2021-12-24 09:32:52,54.752727,14.76721,22.8,252.8,HSC,0
211810060,2021-12-24 09:32:58,54.75249,14.766003,22.8,252.1,HSC,0
211810060,2021-12-24 09:33:04,54.752288,14.764967,22.8,251.8,HSC,0
211810060,2021-12-24 09:33:09,54.75214,14.764092,22.8,252.6,HSC,0
211810060,2021-12-24 09:33:16,54.751893,14.762893,22.8,251.6,HSC,0
211810060,2021-12-24 09:33:22,54.75169,14.761868,22.7,251.6,HSC,0
211810060,2021-12-24 09:33:28,54.751502,14.760825,22.7,252.0,HSC,0
211810060,2021-12-24 09:33:34,54.75132,14.759965,22.8,251.4,HSC,0
211810060,2021-12-24 09:33:40,54.751112,14.758737,22.8,252.5,HSC,0
211810060,2021-12-24 09:33:52,54.750778,14.756808,22.9,253.2,HSC,0
211810060,2021-12-24 09:33:58,54.750582,14.755767,22.9,252.8,HSC,0
211810060,2021-12-24 09:34:04,54.750392,14.754717,22.9,252.7,HSC,0
211810060,2021-12-24 09:34:09,54.750232,14.753848,22.9,252.7,HSC,0
211810060,2021-12-24 09:34:16,54.749995,14.752645,22.8,252.0,HSC,0
211810060,2021-12-24 09:34:22,54.749782,14.75142,22.8,252.6,HSC,0
211810060,2021-12-24 09:34:28,54.749588,14.750368,22.9,252.5,HSC,0
211810060,2021-12-24 09:34:34,54.749425,14.749495,22.9,252.3,HSC,0
211810060,2021-12-24 09:34:40,54.749203,14.748273,22.9,252.5,HSC,0
211810060,2021-12-24 09:34:46,54.749023,14.747225,22.9,253.0,HSC,0
211810060,2021-12-24 09:34:52,54.748843,14.74637,22.8,252.1,HSC,0
211810060,2021-12-24 09:34:58,54.748638,14.74533,22.8,251.6,HSC,0
211810060,2021-12-24 09:35:04,54.748458,14.74428,22.8,252.4,HSC,0
211810060,2021-12-24 09:35:09,54.748282,14.743227,22.8,253.0,HSC,0
211810060,2021-12-24 09:35:22,54.74791,14.740933,22.9,254.0,HSC,0
211810060,2021-12-24 09:35:28,54.747752,14.740058,22.9,253.6,HSC,0
211810060,2021-12-24 09:35:34,54.747565,14.738997,23.0,253.4,HSC,0
211810060,2021-12-24 09:35:40,54.747332,14.737787,22.9,252.6,HSC,0
211810060,2021-12-24 09:35:46,54.747178,14.736917,22.9,252.8,HSC,0
211810060,2021-12-24 09:35:58,54.746782,14.734637,22.9,252.8,HSC,0
253754000,2021-12-24 09:16:01,54.751127,14.784047,2.8,178.6,Other,0
253754000,2021-12-24 09:16:13,54.750963,14.784057,2.8,179.1,Other,0
253754000,2021-12-24 09:16:23,54.750833,14.78406,2.8,179.0,Other,0
253754000,2021-12-24 09:16:33,54.750708,14.784065,2.8,178.9,Other,0
253754000,2021-12-24 09:16:43,54.750587,14.784075,2.8,178.9,Other,0
253754000,2021-12-24 09:16:53,54.750473,14.784093,2.8,179.1,Other,0
253754000,2021-12-24 09:17:01,54.750375,14.784098,2.8,179.3,Other,0
253754000,2021-12-24 09:17:13,54.750213,14.784098,3.0,179.8,Other,0
253754000,2021-12-24 09:17:23,54.750065,14.784098,3.1,180.6,Other,0
253754000,2021-12-24 09:17:26,54.750035,14.784095,3.1,181.1,Other,0
253754000,2021-12-24 09:17:36,54.749892,14.784068,2.9,186.4,Other,0
253754000,2021-12-24 09:17:39,54.749852,14.784055,2.9,187.9,Other,0
253754000,2021-12-24 09:17:43,54.749787,14.784032,2.7,192.5,Other,0
253754000,2021-12-24 09:17:45,54.749763,14.784018,2.7,192.5,Other,0
253754000,2021-12-24 09:17:48,54.749728,14.783995,2.6,195.6,Other,0
253754000,2021-12-24 09:17:56,54.749633,14.78393,2.4,202.4,Other,0
253754000,2021-12-24 09:17:58,54.749615,14.783915,2.3,204.1,Other,0
253754000,2021-12-24 09:18:01,54.749587,14.78389,2.2,207.9,Other,0
253754000,2021-12-24 09:18:07,54.749545,14.783848,2.1,211.4,Other,0
253754000,2021-12-24 09:18:09,54.74952,14.783822,1.9,214.8,Other,0
253754000,2021-12-24 09:18:16,54.749468,14.78376,1.8,220.5,Other,0
253754000,2021-12-24 09:18:19,54.749457,14.783742,1.8,222.3,Other,0
253754000,2021-12-24 09:18:22,54.749437,14.783707,1.7,226.1,Other,0
253754000,2021-12-24 09:18:26,54.749422,14.78367,1.6,229.6,Other,0
253754000,2021-12-24 09:18:29,54.749412,14.783642,1.5,231.9,Other,0
253754000,2021-12-24 09:18:33,54.749395,14.783602,1.3,233.8,Other,0
253754000,2021-12-24 09:18:36,54.749383,14.783573,1.3,234.7,Other,0
253754000,2021-12-24 09:18:40,54.749375,14.783545,1.3,236.2,Other,0
253754000,2021-12-24 09:18:43,54.749363,14.783512,1.2,238.0,Other,0
253754000,2021-12-24 09:18:46,54.749357,14.783488,1.2,238.7,Other,0
253754000,2021-12-24 09:18:49,54.749352,14.783467,1.2,239.6,Other,0
253754000,2021-12-24 09:18:53,54.749343,14.783438,1.0,240.6,Other,0
253754000,2021-12-24 09:18:56,54.74934,14.783423,1.0,241.0,Other,0
253754000,2021-12-24 09:18:58,54.749335,14.7834,1.0,241.1,Other,0
253754000,2021-12-24 09:19:01,54.74933,14.783375,0.9,240.8,Other,0
253754000,2021-12-24 09:19:05,54.74932,14.783355,0.9,241.1,Other,0
253754000,2021-12-24 09:19:10,54.749305,14.783332,0.9,242.0,Other,0
253754000,2021-12-24 09:19:13,54.7493,14.783315,0.8,242.8,Other,0
253754000,2021-12-24 09:19:15,54.749297,14.783303,0.8,243.1,Other,0
253754000,2021-12-24 09:19:18,54.749292,14.783283,0.7,243.6,Other,0
253754000,2021-12-24 09:19:22,54.749287,14.783258,0.7,243.9,Other,0
253754000,2021-12-24 09:19:26,54.749292,14.783233,0.6,244.1,Other,0
253754000,2021-12-24 09:19:30,54.749292,14.783217,0.6,244.4,Other,0
253754000,2021-12-24 09:19:31,54.74929,14.783205,0.5,244.6,Other,0
253754000,2021-12-24 09:19:36,54.749285,14.783185,0.5,245.4,Other,0
253754000,2021-12-24 09:19:39,54.749278,14.783168,0.5,246.1,Other,0
253754000,2021-12-24 09:19:43,54.749272,14.783155,0.4,246.8,Other,0
253754000,2021-12-24 09:19:46,54.749267,14.783147,0.4,247.1,Other,0
253754000,2021-12-24 09:19:49,54.749265,14.783137,0.4,248.8,Other,0
253754000,2021-12-24 09:19:53,54.749262,14.78313,0.3,248.8,Other,0
253754000,2021-12-24 09:19:56,54.749262,14.783125,0.3,249.0,Other,0
253754000,2021-12-24 09:19:58,54.749262,14.783122,0.3,248.9,Other,0
253754000,2021-12-24 09:20:01,54.74926,14.783115,0.3,248.3,Other,0
253754000,2021-12-24 09:20:05,54.749258,14.783108,0.2,247.8,Other,0
253754000,2021-12-24 09:20:09,54.74925,14.783107,0.1,247.4,Other,0
253754000,2021-12-24 09:20:13,54.74924,14.783108,0.1,246.3,Other,0
253754000,2021-12-24 09:20:15,54.749233,14.783108,0.1,246.3,Other,0
253754000,2021-12-24 09:20:22,54.749217,14.783113,0.1,246.3,Other,0
253754000,2021-12-24 09:20:25,54.749208,14.783113,0.1,246.3,Other,0
253754000,2021-12-24 09:20:30,54.749208,14.783113,0.1,246.3,Other,0
253754000,2021-12-24 09:20:31,54.749203,14.783118,0.2,212.8,Other,0
253754000,2021-12-24 09:20:42,54.749197,14.783128,0.2,182.9,Other,0
253754000,2021-12-24 09:20:53,54.749187,14.783148,0.3,148.7,Other,0
253754000,2021-12-24 09:21:01,54.749185,14.783177,0.4,127.9,Other,0
253754000,2021-12-24 09:21:12,54.749185,14.783225,0.5,111.6,Other,0
253754000,2021-12-24 09:21:12,54.749185,14.783225,0.5,111.6,Other,0
253754000,2021-12-24 09:21:13,54.749185,14.783225,0.5,111.6,Other,0
253754000,2021-12-24 09:21:15,54.749185,14.783238,0.5,108.6,Other,0
253754000,2021-12-24 09:21:18,54.749182,14.783252,0.5,107.4,Other,0
253754000,2021-12-24 09:21:22,54.749178,14.783268,0.5,106.0,Other,0
253754000,2021-12-24 09:21:26,54.749172,14.78328,0.5,106.3,Other,0
253754000,2021-12-24 09:21:29,54.749163,14.783288,0.5,106.9,Other,0
253754000,2021-12-24 09:21:31,54.749158,14.7833,0.5,107.0,Other,0
253754000,2021-12-24 09:21:36,54.749153,14.783325,0.5,106.7,Other,0
253754000,2021-12-24 09:21:39,54.749153,14.78334,0.5,106.3,Other,0
253754000,2021-12-24 09:21:42,54.749155,14.783357,0.5,106.1,Other,0
253754000,2021-12-24 09:21:46,54.749153,14.783378,0.5,105.1,Other,0
253754000,2021-12-24 09:21:49,54.749153,14.783392,0.5,104.9,Other,0
253754000,2021-12-24 09:21:53,54.749153,14.78341,0.5,104.2,Other,0
253754000,2021-12-24 09:21:55,54.749153,14.783418,0.5,103.8,Other,0
253754000,2021-12-24 09:21:59,54.749153,14.783437,0.5,102.7,Other,0
253754000,2021-12-24 09:22:01,54.749155,14.783447,0.5,101.9,Other,0
253754000,2021-12-24 09:22:06,54.749157,14.783468,0.4,101.0,Other,0
253754000,2021-12-24 09:22:09,54.749157,14.78348,0.4,99.7,Other,0
253754000,2021-12-24 09:22:12,54.749155,14.78349,0.4,99.7,Other,0
253754000,2021-12-24 09:22:16,54.74916,14.783503,0.3,98.6,Other,0
253754000,2021-12-24 09:22:19,54.749162,14.78351,0.4,97.7,Other,0
253754000,2021-12-24 09:22:22,54.74917,14.783525,0.3,96.8,Other,0
253754000,2021-12-24 09:22:31,54.749182,14.783548,0.3,94.5,Other,0
253754000,2021-12-24 09:22:42,54.749172,14.783573,0.4,95.3,Other,0
253754000,2021-12-24 09:23:01,54.749143,14.783632,0.4,102.7,Other,0
253754000,2021-12-24 09:23:12,54.74914,14.783668,0.3,106.2,Other,0
253754000,2021-12-24 09:23:22,54.749138,14.783692,0.3,102.2,Other,0
253754000,2021-12-24 09:23:31,54.749142,14.783713,0.2,89.1,Other,0
253754000,2021-12-24 09:23:42,54.749147,14.783718,0.3,51.1,Other,0
253754000,2021-12-24 09:23:53,54.749163,14.78371,0.6,5.5,Other,0
253754000,2021-12-24 09:24:01,54.74919,14.78369,0.8,350.3,Other,0
253754000,2021-12-24 09:24:12,54.749243,14.783642,1.0,343.4,Other,0
253754000,2021-12-24 09:24:22,54.749292,14.78361,1.1,344.1,Other,0
253754000,2021-12-24 09:24:33,54.749342,14.783593,1.2,344.7,Other,0
253754000,2021-12-24 09:24:42,54.74939,14.783575,1.2,345.4,Other,0
253754000,2021-12-24 09:24:53,54.749453,14.783548,1.3,345.9,Other,0
253754000,2021-12-24 09:25:02,54.749502,14.78353,1.4,347.1,Other,0
253754000,2021-12-24 09:25:12,54.749578,14.783503,1.4,347.9,Other,0
253754000,2021-12-24 09:25:22,54.749648,14.783483,1.5,348.5,Other,0
253754000,2021-12-24 09:25:33,54.74973,14.78346,1.5,349.1,Other,0
253754000,2021-12-24 09:25:43,54.749798,14.783435,1.5,349.2,Other,0
253754000,2021-12-24 09:25:53,54.749868,14.783417,1.5,350.4,Other,0
253754000,2021-12-24 09:26:02,54.749918,14.783405,1.5,351.0,Other,0
253754000,2021-12-24 09:26:12,54.749962,14.783388,1.5,351.9,Other,0
253754000,2021-12-24 09:26:23,54.75003,14.78335,1.5,351.8,Other,0
253754000,2021-12-24 09:26:33,54.750102,14.783327,1.6,352.0,Other,0
253754000,2021-12-24 09:26:42,54.750175,14.783315,1.6,353.8,Other,0
253754000,2021-12-24 09:26:53,54.750263,14.783315,1.6,356.7,Other,0
253754000,2021-12-24 09:27:02,54.750317,14.783323,1.6,357.9,Other,0
253754000,2021-12-24 09:27:12,54.750392,14.783342,1.6,359.9,Other,0
253754000,2021-12-24 09:27:23,54.750473,14.78335,1.6,2.1,Other,0
253754000,2021-12-24 09:27:33,54.750553,14.783355,1.6,3.2,Other,0
253754000,2021-12-24 09:27:42,54.750602,14.783362,1.6,3.6,Other,0
253754000,2021-12-24 09:27:53,54.75067,14.783377,1.6,4.0,Other,0
253754000,2021-12-24 09:28:02,54.750737,14.783397,1.6,3.6,Other,0
253754000,2021-12-24 09:28:12,54.750812,14.78341,1.6,5.0,Other,0
253754000,2021-12-24 09:28:23,54.750895,14.783428,1.6,5.1,Other,0
253754000,2021-12-24 09:28:33,54.75097,14.783448,1.5,7.3,Other,0
253754000,2021-12-24 09:28:42,54.751032,14.783472,1.4,11.9,Other,0
253754000,2021-12-24 09:28:53,54.751098,14.783515,1.3,21.0,Other,0
253754000,2021-12-24 09:29:02,54.751148,14.783563,1.3,27.5,Other,0
253754000,2021-12-24 09:29:12,54.751198,14.783625,1.2,33.6,Other,0
253754000,2021-12-24 09:29:21,54.751237,14.783678,1.2,37.9,Other,0
253754000,2021-12-24 09:29:23,54.751252,14.7837,1.2,38.8,Other,0
253754000,2021-12-24 09:29:26,54.751265,14.78372,1.2,40.6,Other,0
253754000,2021-12-24 09:29:29,54.751273,14.783742,1.2,42.7,Other,0
253754000,2021-12-24 09:29:33,54.751285,14.783768,1.2,44.5,Other,0
253754000,2021-12-24 09:29:35,54.751292,14.783782,1.2,45.8,Other,0
253754000,2021-12-24 09:29:39,54.751305,14.783813,1.2,48.4,Other,0
253754000,2021-12-24 09:29:43,54.751318,14.783837,1.2,49.4,Other,0
253754000,2021-12-24 09:29:46,54.75134,14.78387,1.2,51.4,Other,0
253754000,2021-12-24 09:29:49,54.751355,14.783897,1.2,53.1,Other,0
253754000,2021-12-24 09:29:53,54.751373,14.783932,1.2,54.5,Other,0
253754000,2021-12-24 09:30:02,54.751435,14.784013,1.2,56.8,Other,0
253754000,2021-12-24 09:30:12,54.751483,14.784103,1.2,60.4,Other,0
253754000,2021-12-24 09:30:23,54.751515,14.784207,1.2,62.1,Other,0
253754000,2021-12-24 09:30:33,54.751538,14.784297,1.2,62.4,Other,0
253754000,2021-12-24 09:30:42,54.751565,14.78438,1.2,62.9,Other,0
253754000,2021-12-24 09:30:53,54.751588,14.784482,1.2,64.1,Other,0
253754000,2021-12-24 09:31:02,54.751603,14.784568,1.2,64.9,Other,0
253754000,2021-12-24 09:31:12,54.751625,14.784662,1.2,64.6,Other,0
253754000,2021-12-24 09:31:23,54.751645,14.784758,1.2,65.3,Other,0
253754000,2021-12-24 09:31:33,54.751663,14.78485,1.2,66.0,Other,0
253754000,2021-12-24 09:31:42,54.751678,14.784932,1.2,66.8,Other,0
253754000,2021-12-24 09:31:53,54.751703,14.785037,1.3,63.9,Other,0
253754000,2021-12-24 09:32:02,54.751733,14.785122,1.5,56.6,Other,0
253754000,2021-12-24 09:32:12,54.751783,14.785218,1.8,49.1,Other,0
253754000,2021-12-24 09:32:23,54.75185,14.785337,2.1,43.2,Other,0
253754000,2021-12-24 09:32:33,54.75185,14.785337,2.1,43.2,Other,0
253754000,2021-12-24 09:32:33,54.751917,14.785448,2.2,40.2,Other,0
253754000,2021-12-24 09:32:42,54.751988,14.785552,2.2,38.4,Other,0
253754000,2021-12-24 09:32:53,54.75208,14.785685,2.2,36.3,Other,0
253754000,2021-12-24 09:33:02,54.752153,14.785783,2.3,34.8,Other,0
253754000,2021-12-24 09:33:13,54.752233,14.785883,2.3,33.7,Other,0
253754000,2021-12-24 09:33:23,54.752337,14.785993,2.3,32.9,Other,0
253754000,2021-12-24 09:33:32,54.752417,14.786073,2.3,32.3,Other,0
253754000,2021-12-24 09:33:42,54.752528,14.786195,2.4,31.7,Other,0
253754000,2021-12-24 09:33:53,54.752632,14.786303,2.4,32.4,Other,0
253754000,2021-12-24 09:34:02,54.752717,14.786397,2.4,31.9,Other,0
253754000,2021-12-24 09:34:13,54.752812,14.7865,2.4,31.3,Other,0
253754000,2021-12-24 09:34:23,54.75292,14.786617,2.4,30.8,Other,0
253754000,2021-12-24 09:34:32,54.75299,14.7867,2.4,30.6,Other,0
253754000,2021-12-24 09:34:42,54.753093,14.786813,2.5,30.8,Other,0
253754000,2021-12-24 09:34:53,54.75321,14.786932,2.5,31.4,Other,0
253754000,2021-12-24 09:35:02,54.753308,14.787025,2.5,30.9,Other,0
253754000,2021-12-24 09:35:13,54.753418,14.787127,2.5,31.2,Other,0
253754000,2021-12-24 09:35:23,54.753528,14.787243,2.5,31.1,Other,0
253754000,2021-12-24 09:35:32,54.753607,14.787327,2.5,30.7,Other,0
253754000,2021-12-24 09:35:42,54.753708,14.787447,2.5,30.8,Other,0
253754000,2021-12-24 09:35:53,54.753813,14.787567,2.5,30.4,Other,0
219017554,2021-12-29 13:33:29,55.204413,14.643757,18.5,91.6,Pleasure,1
219017554,2021-12-29 13:33:58,55.204253,14.647942,16.9,96.8,Pleasure,1
219017554,2021-12-29 13:34:29,55.20384,14.652632,18.3,95.6,Pleasure,1
219017554,2021-12-29 13:35:00,55.203617,14.656603,17.3,100.3,Pleasure,1
219017554,2021-12-29 13:35:28,55.202928,14.660537,18.3,106.4,Pleasure,1
219017554,2021-12-29 13:35:59,55.202175,14.664787,19.9,105.0,Pleasure,1
219017554,2021-12-29 13:36:28,55.201688,14.669423,19.4,99.0,Pleasure,1
219017554,2021-12-29 13:37:29,55.199268,14.678123,20.9,114.9,Pleasure,1
219017554,2021-12-29 13:38:28,55.19566,14.68535,20.2,133.1,Pleasure,1
219017554,2021-12-29 13:38:29,55.19566,14.68535,20.2,133.1,Pleasure,1
219017554,2021-12-29 13:38:31,55.19566,14.68535,20.2,133.1,Pleasure,1
219017554,2021-12-29 13:38:59,55.19357,14.688465,19.9,146.6,Pleasure,1
219017554,2021-12-29 13:39:29,55.191328,14.691327,20.0,139.0,Pleasure,1
219017554,2021-12-29 13:39:58,55.189353,14.694732,19.5,130.9,Pleasure,1
219017554,2021-12-29 13:40:30,55.18828,14.696362,0.9,237.7,Pleasure,1
219017554,2021-12-29 13:40:58,55.188285,14.696233,0.4,305.4,Pleasure,1
219017554,2021-12-29 13:41:28,55.188705,14.69639,6.8,35.8,Pleasure,1
219017554,2021-12-29 13:41:58,55.189343,14.69765,6.4,63.1,Pleasure,1
219017554,2021-12-29 13:42:29,55.189113,14.698982,5.9,141.9,Pleasure,1
219017554,2021-12-29 13:43:01,55.18847,14.699912,5.7,130.7,Pleasure,1
219017554,2021-12-29 13:43:28,55.188062,14.700848,4.7,120.9,Pleasure,1
219017554,2021-12-29 13:44:29,55.188623,14.701807,2.3,26.8,Pleasure,1
219017554,2021-12-29 13:44:30,55.188623,14.701807,2.3,26.8,Pleasure,1
219017554,2021-12-29 13:44:31,55.188623,14.701807,2.3,26.8,Pleasure,1
219017554,2021-12-29 13:44:58,55.188695,14.702312,2.5,85.9,Pleasure,1
219017554,2021-12-29 13:46:58,55.189045,14.703413,0.0,341.6,Pleasure,1
219017554,2021-12-29 13:47:28,55.189045,14.703403,0.2,29.0,Pleasure,1
219017554,2021-12-29 13:48:59,55.189042,14.703392,0.1,222.7,Pleasure,1
219021219,2021-12-29 13:33:24,55.203797,14.68173,6.7,146.1,Pleasure,1
219021219,2021-12-29 13:33:55,55.202995,14.682643,6.6,148.7,Pleasure,1
219021219,2021-12-29 13:33:56,55.202995,14.682643,6.6,148.7,Pleasure,1
219021219,2021-12-29 13:33:57,55.202995,14.682643,6.6,148.7,Pleasure,1
219021219,2021-12-29 13:34:24,55.202218,14.683545,6.6,149.1,Pleasure,1
219021219,2021-12-29 13:34:54,55.201433,14.684423,6.5,148.5,Pleasure,1
219021219,2021-12-29 13:35:53,55.19988,14.686103,6.6,146.8,Pleasure,1
219021219,2021-12-29 13:36:25,55.199068,14.687005,6.5,146.0,Pleasure,1
219021219,2021-12-29 13:36:54,55.198292,14.687848,6.8,150.3,Pleasure,1
219021219,2021-12-29 13:37:24,55.197535,14.688652,6.3,149.5,Pleasure,1
219021219,2021-12-29 13:37:54,55.196777,14.68954,6.6,145.3,Pleasure,1
219021219,2021-12-29 13:38:24,55.195988,14.69042,6.5,148.3,Pleasure,1
219021219,2021-12-29 13:38:55,55.195152,14.691308,7.0,150.2,Pleasure,1
219021219,2021-12-29 13:39:53,55.19361,14.692927,6.6,150.8,Pleasure,1
219021219,2021-12-29 13:39:54,55.19361,14.692927,6.6,150.8,Pleasure,1
219021219,2021-12-29 13:39:55,55.19361,14.692927,6.6,150.8,Pleasure,1
219021219,2021-12-29 13:40:24,55.192937,14.693963,6.5,136.6,Pleasure,1
219021219,2021-12-29 13:41:25,55.19148,14.69585,6.6,150.2,Pleasure,1
219021219,2021-12-29 13:41:54,55.190752,14.696645,6.4,148.5,Pleasure,1
219021219,2021-12-29 13:42:23,55.190038,14.697595,6.4,135.7,Pleasure,1
219021219,2021-12-29 13:42:54,55.189367,14.698633,6.6,140.9,Pleasure,1
219021219,2021-12-29 13:43:23,55.18867,14.699582,6.6,140.0,Pleasure,1
219021219,2021-12-29 13:43:54,55.188027,14.70085,6.4,118.7,Pleasure,1
219021219,2021-12-29 13:44:55,55.188648,14.701783,2.7,49.5,Pleasure,1
219021219,2021-12-29 13:45:53,55.188738,14.703065,1.7,65.4,Pleasure,1
219021219,2021-12-29 13:45:54,55.188738,14.703065,1.7,65.4,Pleasure,1
219021219,2021-12-29 13:47:54,55.188798,14.703412,0.0,47.5,Pleasure,1
219021219,2021-12-29 13:48:23,55.188798,14.703412,0.0,47.5,Pleasure,1
219021219,2021-12-29 13:48:55,55.188798,14.703412,0.0,47.5,Pleasure,1
219021240,2021-12-13 02:17:30,55.235542,14.26309,6.3,222.4,Other,2
219021240,2021-12-13 02:17:38,55.235372,14.262817,6.3,222.4,Other,2
219021240,2021-12-13 02:17:49,55.235113,14.262408,6.3,222.0,Other,2
219021240,2021-12-13 02:17:58,55.234915,14.262105,6.3,221.0,Other,2
219021240,2021-12-13 02:18:08,55.234718,14.261805,6.3,220.6,Other,2
219021240,2021-12-13 02:18:19,55.234477,14.26145,6.2,219.6,Other,2
219021240,2021-12-13 02:18:30,55.234237,14.261112,6.1,219.2,Other,2
219021240,2021-12-13 02:18:38,55.234067,14.260868,6.0,219.7,Other,2
219021240,2021-12-13 02:18:49,55.233812,14.260492,6.1,220.5,Other,2
219021240,2021-12-13 02:18:58,55.23362,14.260198,6.1,220.8,Other,2
219021240,2021-12-13 02:19:19,55.233182,14.259515,6.0,221.7,Other,2
219021240,2021-12-13 02:19:38,55.232808,14.258932,6.0,221.3,Other,2
219021240,2021-12-13 02:19:49,55.23256,14.258557,5.9,220.9,Other,2
219021240,2021-12-13 02:19:58,55.232378,14.25828,5.8,221.5,Other,2
219021240,2021-12-13 02:20:19,55.231955,14.257622,5.9,221.3,Other,2
219021240,2021-12-13 02:20:30,55.231748,14.257302,6.0,221.7,Other,2
219021240,2021-12-13 02:20:38,55.231583,14.257045,5.9,221.7,Other,2
219021240,2021-12-13 02:20:49,55.231337,14.25666,6.0,221.8,Other,2
219021240,2021-12-13 02:20:54,55.231337,14.25666,6.0,221.8,Other,2
219021240,2021-12-13 02:20:58,55.231152,14.25637,6.0,222.0,Other,2
219021240,2021-12-13 02:21:19,55.23073,14.25568,5.9,223.2,Other,2
219021240,2021-12-13 02:21:38,55.230375,14.25509,5.9,224.9,Other,2
219021240,2021-12-13 02:21:49,55.23014,14.254693,5.9,224.5,Other,2
219021240,2021-12-13 02:21:58,55.229963,14.254405,5.9,222.8,Other,2
219021240,2021-12-13 02:22:09,55.229737,14.254063,5.9,221.2,Other,2
219021240,2021-12-13 02:22:19,55.229528,14.253758,5.9,220.5,Other,2
219021240,2021-12-13 02:22:30,55.22932,14.253452,5.9,219.9,Other,2
219021240,2021-12-13 02:22:38,55.22915,14.253205,5.9,220.7,Other,2
219021240,2021-12-13 02:22:49,55.2289,14.252822,6.0,221.4,Other,2
219021240,2021-12-13 02:22:59,55.228697,14.252495,6.0,222.0,Other,2
219021240,2021-12-13 02:23:09,55.228488,14.25218,6.0,221.0,Other,2
219021240,2021-12-13 02:23:18,55.228318,14.251928,6.0,220.4,Other,2
219021240,2021-12-13 02:23:30,55.228065,14.25155,5.9,220.5,Other,2
219021240,2021-12-13 02:23:38,55.227898,14.251302,5.9,220.4,Other,2
219021240,2021-12-13 02:23:49,55.227648,14.250925,5.9,220.8,Other,2
219021240,2021-12-13 02:23:59,55.227438,14.250612,5.9,220.4,Other,2
219021240,2021-12-13 02:24:09,55.227233,14.250303,5.8,220.5,Other,2
219021240,2021-12-13 02:24:18,55.227068,14.250062,5.8,220.3,Other,2
219021240,2021-12-13 02:24:30,55.22682,14.24969,5.9,220.8,Other,2
219021240,2021-12-13 02:24:38,55.226655,14.249438,5.9,221.0,Other,2
219021240,2021-12-13 02:24:49,55.22641,14.249063,6.0,221.6,Other,2
219021240,2021-12-13 02:24:59,55.226202,14.248745,6.0,221.1,Other,2
219021240,2021-12-13 02:25:09,55.22599,14.248425,6.0,220.7,Other,2
219021240,2021-12-13 02:25:30,55.225557,14.247793,6.1,219.1,Other,2
219021240,2021-12-13 02:25:39,55.225357,14.247517,6.1,218.4,Other,2
219021240,2021-12-13 02:25:49,55.225113,14.247183,6.1,218.2,Other,2
219021240,2021-12-13 02:25:59,55.224895,14.246877,6.1,218.7,Other,2
219021240,2021-12-13 02:26:09,55.224678,14.246563,6.1,219.7,Other,2
219021240,2021-12-13 02:26:18,55.22451,14.246313,6.0,220.4,Other,2
219021240,2021-12-13 02:26:30,55.22426,14.245933,6.0,220.8,Other,2
219021240,2021-12-13 02:26:39,55.224072,14.245643,6.0,221.4,Other,2
219021240,2021-12-13 02:26:49,55.223843,14.245287,6.0,221.7,Other,2
219021240,2021-12-13 02:26:54,55.223843,14.245287,6.0,221.7,Other,2
219021240,2021-12-13 02:26:59,55.223655,14.244992,6.0,222.2,Other,2
219021240,2021-12-13 02:27:09,55.223427,14.24463,6.0,222.0,Other,2
219021240,2021-12-13 02:27:18,55.22326,14.244362,6.1,222.4,Other,2
219021240,2021-12-13 02:27:29,55.223067,14.24373,10.3,257.9,Other,2
232018267,2021-12-13 02:17:28,55.236247,14.292552,12.0,219.1,Cargo,2
232018267,2021-12-13 02:17:39,55.235777,14.291878,12.0,219.2,Cargo,2
232018267,2021-12-13 02:17:49,55.235347,14.291273,12.0,219.1,Cargo,2
232018267,2021-12-13 02:17:58,55.234958,14.29073,12.0,218.9,Cargo,2
232018267,2021-12-13 02:18:08,55.234527,14.290125,12.0,219.0,Cargo,2
232018267,2021-12-13 02:18:18,55.234102,14.289508,12.0,219.3,Cargo,2
232018267,2021-12-13 02:18:28,55.233677,14.288897,12.0,219.3,Cargo,2
232018267,2021-12-13 02:18:38,55.233287,14.288347,12.0,219.1,Cargo,2
232018267,2021-12-13 02:18:49,55.232768,14.287585,12.0,219.1,Cargo,2
232018267,2021-12-13 02:18:58,55.23237,14.287023,12.0,219.3,Cargo,2
232018267,2021-12-13 02:19:09,55.231888,14.286343,12.0,219.3,Cargo,2
232018267,2021-12-13 02:19:18,55.231497,14.285777,12.0,219.3,Cargo,2
232018267,2021-12-13 02:19:28,55.231043,14.28515,12.0,219.3,Cargo,2
232018267,2021-12-13 02:19:38,55.230603,14.284527,12.0,219.1,Cargo,2
232018267,2021-12-13 02:19:58,55.229765,14.283315,12.0,219.3,Cargo,2
232018267,2021-12-13 02:20:09,55.229298,14.282652,12.0,219.3,Cargo,2
232018267,2021-12-13 02:20:18,55.228915,14.282095,12.0,219.5,Cargo,2
232018267,2021-12-13 02:20:29,55.22844,14.281423,12.0,219.4,Cargo,2
232018267,2021-12-13 02:20:38,55.228088,14.280942,12.0,219.3,Cargo,2
232018267,2021-12-13 02:20:48,55.227613,14.280265,12.0,219.3,Cargo,2
232018267,2021-12-13 02:20:58,55.227197,14.279665,12.0,219.4,Cargo,2
232018267,2021-12-13 02:21:09,55.226755,14.279012,12.0,219.5,Cargo,2
232018267,2021-12-13 02:21:18,55.226373,14.278458,12.0,219.5,Cargo,2
232018267,2021-12-13 02:21:29,55.225895,14.277767,12.0,219.3,Cargo,2
232018267,2021-12-13 02:21:29,55.225895,14.277767,12.0,219.4,Cargo,2
232018267,2021-12-13 02:21:30,55.225848,14.2777,12.0,219.4,Cargo,2
232018267,2021-12-13 02:21:31,55.225803,14.277635,12.0,219.3,Cargo,2
232018267,2021-12-13 02:21:35,55.225622,14.27737,12.0,218.7,Cargo,2
232018267,2021-12-13 02:21:38,55.225532,14.277243,12.0,218.1,Cargo,2
232018267,2021-12-13 02:21:41,55.225355,14.277002,11.9,217.9,Cargo,2
232018267,2021-12-13 02:21:45,55.22518,14.276757,11.9,218.2,Cargo,2
232018267,2021-12-13 02:21:48,55.225055,14.276567,11.9,219.1,Cargo,2
232018267,2021-12-13 02:21:51,55.224933,14.276373,11.9,220.0,Cargo,2
232018267,2021-12-13 02:21:55,55.224778,14.276105,11.8,222.3,Cargo,2
232018267,2021-12-13 02:21:58,55.22467,14.275892,11.7,224.3,Cargo,2
232018267,2021-12-13 02:22:02,55.224537,14.275597,11.7,227.0,Cargo,2
232018267,2021-12-13 02:22:04,55.22447,14.275448,11.6,228.4,Cargo,2
232018267,2021-12-13 02:22:09,55.22431,14.275072,11.6,231.5,Cargo,2
232018267,2021-12-13 02:22:11,55.224248,14.274917,11.6,232.7,Cargo,2
232018267,2021-12-13 02:22:16,55.224103,14.27452,11.5,235.4,Cargo,2
232018267,2021-12-13 02:22:18,55.224048,14.274362,11.5,236.3,Cargo,2
232018267,2021-12-13 02:22:21,55.22397,14.274118,11.5,237.7,Cargo,2
232018267,2021-12-13 02:22:26,55.223837,14.273707,11.5,239.9,Cargo,2
232018267,2021-12-13 02:22:29,55.223765,14.27346,11.5,241.4,Cargo,2
232018267,2021-12-13 02:22:33,55.223673,14.273122,11.5,243.3,Cargo,2
232018267,2021-12-13 02:22:35,55.223633,14.27295,11.4,243.8,Cargo,2
232018267,2021-12-13 02:22:38,55.223578,14.27269,11.4,245.4,Cargo,2
232018267,2021-12-13 02:22:42,55.223513,14.272345,11.4,248.0,Cargo,2
232018267,2021-12-13 02:22:45,55.223465,14.272082,11.4,249.4,Cargo,2
232018267,2021-12-13 02:22:50,55.223465,14.272082,11.4,249.4,Cargo,2
232018267,2021-12-13 02:22:52,55.223373,14.271463,11.4,253.1,Cargo,2
232018267,2021-12-13 02:22:56,55.223328,14.271105,11.4,255.2,Cargo,2
232018267,2021-12-13 02:22:58,55.223305,14.270927,11.3,256.1,Cargo,2
232018267,2021-12-13 02:23:02,55.223268,14.27057,11.3,258.2,Cargo,2
232018267,2021-12-13 02:23:04,55.223255,14.27039,11.3,259.4,Cargo,2
232018267,2021-12-13 02:23:09,55.223227,14.26993,11.3,261.9,Cargo,2
232018267,2021-12-13 02:23:11,55.223217,14.269742,11.3,263.5,Cargo,2
232018267,2021-12-13 02:23:16,55.223207,14.26927,11.3,265.8,Cargo,2
232018267,2021-12-13 02:23:18,55.22321,14.269082,11.3,268.1,Cargo,2
232018267,2021-12-13 02:23:22,55.223213,14.268707,11.3,269.2,Cargo,2
232018267,2021-12-13 02:23:26,55.22322,14.268427,11.4,270.2,Cargo,2
232018267,2021-12-13 02:23:29,55.223225,14.268053,11.4,271.2,Cargo,2
232018267,2021-12-13 02:23:31,55.22323,14.26787,11.4,271.4,Cargo,2
232018267,2021-12-13 02:23:35,55.223238,14.267498,11.5,271.4,Cargo,2
232018267,2021-12-13 02:23:37,55.223238,14.267313,11.5,271.2,Cargo,2
232018267,2021-12-13 02:23:38,55.223238,14.267313,11.5,271.2,Cargo,2
232018267,2021-12-13 02:23:48,55.22326,14.266283,11.6,270.2,Cargo,2
232018267,2021-12-13 02:23:54,55.22326,14.265715,11.6,269.6,Cargo,2
232018267,2021-12-13 02:23:54,55.22326,14.265715,11.6,269.6,Cargo,2
232018267,2021-12-13 02:23:58,55.223255,14.265333,11.6,269.1,Cargo,2
232018267,2021-12-13 02:24:09,55.223245,14.26428,11.7,268.9,Cargo,2
232018267,2021-12-13 02:24:10,55.223243,14.264183,11.7,268.9,Cargo,2
232018267,2021-12-13 02:24:10,55.223243,14.264183,11.7,268.9,Cargo,2
232018267,2021-12-13 02:24:17,55.22323,14.26352,11.7,268.8,Cargo,2
232018267,2021-12-13 02:24:18,55.223227,14.263425,11.8,268.9,Cargo,2
232018267,2021-12-13 02:24:28,55.223223,14.262465,11.8,269.1,Cargo,2
232018267,2021-12-13 02:24:29,55.223222,14.262367,11.8,269.1,Cargo,2
232018267,2021-12-13 02:24:43,55.223218,14.261015,11.9,269.6,Cargo,2
232018267,2021-12-13 02:24:43,55.223218,14.261015,11.9,269.6,Cargo,2
232018267,2021-12-13 02:24:58,55.2232,14.25955,11.9,269.4,Cargo,2
232018267,2021-12-13 02:25:09,55.223193,14.258452,12.0,269.4,Cargo,2
232018267,2021-12-13 02:25:18,55.22319,14.257568,12.0,269.5,Cargo,2
232018267,2021-12-13 02:25:29,55.223177,14.256527,12.0,269.6,Cargo,2
232018267,2021-12-13 02:25:38,55.22317,14.255648,12.0,269.4,Cargo,2
232018267,2021-12-13 02:25:58,55.223158,14.253705,12.1,269.4,Cargo,2
232018267,2021-12-13 02:26:09,55.223155,14.252632,12.1,269.5,Cargo,2
232018267,2021-12-13 02:26:18,55.223142,14.25175,12.1,269.3,Cargo,2
232018267,2021-12-13 02:26:29,55.223138,14.250663,12.1,269.3,Cargo,2
232018267,2021-12-13 02:26:38,55.223143,14.249782,12.1,269.6,Cargo,2
232018267,2021-12-13 02:26:45,55.223143,14.24909,12.1,269.9,Cargo,2
232018267,2021-12-13 02:26:45,55.223143,14.24909,12.1,269.9,Cargo,2
232018267,2021-12-13 02:26:49,55.223142,14.248697,12.1,269.6,Cargo,2
232018267,2021-12-13 02:26:58,55.223132,14.247822,12.1,269.8,Cargo,2
232018267,2021-12-13 02:27:09,55.223118,14.24677,12.0,269.7,Cargo,2
232018267,2021-12-13 02:27:15,55.223113,14.24619,12.0,269.7,Cargo,2
232018267,2021-12-13 02:27:18,55.223105,14.245908,11.9,269.2,Cargo,2
232018267,2021-12-13 02:27:24,55.223098,14.245348,11.8,269.1,Cargo,2
232018267,2021-12-13 02:27:25,55.223097,14.245257,11.8,269.1,Cargo,2
232018267,2021-12-13 02:27:29,55.223097,14.244907,11.1,270.0,Cargo,2
232018267,2021-12-13 02:27:32,55.223103,14.244677,10.1,270.6,Cargo,2
232018267,2021-12-13 02:27:36,55.223107,14.244457,8.0,270.3,Cargo,2
232018267,2021-12-13 02:27:38,55.223108,14.244368,7.0,269.6,Cargo,2
232018267,2021-12-13 02:27:41,55.223112,14.244242,6.1,270.2,Cargo,2
232018267,2021-12-13 02:27:46,55.22311,14.244063,5.1,269.4,Cargo,2
232018267,2021-12-13 02:27:49,55.2231,14.243962,4.7,267.0,Cargo,2
232018267,2021-12-13 02:27:52,55.223097,14.243863,4.4,267.1,Cargo,2
232018267,2021-12-13 02:27:58,55.223092,14.243683,3.9,267.3,Cargo,2
232018267,2021-12-13 02:28:05,55.223087,14.243495,3.4,266.6,Cargo,2
232018267,2021-12-13 02:28:09,55.223085,14.243392,3.2,266.7,Cargo,2
232018267,2021-12-13 02:28:11,55.223083,14.243343,3.1,265.1,Cargo,2
232018267,2021-12-13 02:28:15,55.223075,14.243258,3.0,262.9,Cargo,2
232018267,2021-12-13 02:28:18,55.223075,14.243193,2.9,263.8,Cargo,2
232018267,2021-12-13 02:28:21,55.22307,14.243123,2.9,263.4,Cargo,2
232018267,2021-12-13 02:28:24,55.223062,14.243055,2.8,260.1,Cargo,2
232018267,2021-12-13 02:28:29,55.223045,14.242942,2.9,258.1,Cargo,2
232018267,2021-12-13 02:28:32,55.223037,14.242868,2.9,258.3,Cargo,2
232018267,2021-12-13 02:28:35,55.223025,14.242792,2.9,255.4,Cargo,2
232018267,2021-12-13 02:28:38,55.223007,14.242715,3.0,252.6,Cargo,2
232018267,2021-12-13 02:28:41,55.222987,14.242643,3.1,252.1,Cargo,2
232018267,2021-12-13 02:28:49,55.222927,14.242415,3.4,247.4,Cargo,2
232018267,2021-12-13 02:28:50,55.222927,14.242415,3.4,247.4,Cargo,2
232018267,2021-12-13 02:28:58,55.222855,14.242133,4.0,246.0,Cargo,2
232018267,2021-12-13 02:29:09,55.222753,14.24176,4.6,244.9,Cargo,2
232018267,2021-12-13 02:29:18,55.22267,14.241413,5.2,243.0,Cargo,2
232018267,2021-12-13 02:29:29,55.222533,14.240955,5.8,241.8,Cargo,2
232018267,2021-12-13 02:29:31,55.222508,14.240867,5.9,242.0,Cargo,2
232018267,2021-12-13 02:29:31,55.222508,14.240867,5.9,242.0,Cargo,2
232018267,2021-12-13 02:29:35,55.222457,14.240685,6.2,242.2,Cargo,2
232018267,2021-12-13 02:29:38,55.222415,14.24055,6.3,241.7,Cargo,2
232018267,2021-12-13 02:29:41,55.222372,14.24041,6.5,241.2,Cargo,2
232018267,2021-12-13 02:29:42,55.222355,14.240362,6.6,241.0,Cargo,2
232018267,2021-12-13 02:29:47,55.222272,14.240118,6.8,240.8,Cargo,2
232018267,2021-12-13 02:29:49,55.222238,14.240022,6.9,240.5,Cargo,2
232018267,2021-12-13 02:29:51,55.222203,14.239923,7.0,240.2,Cargo,2
232018267,2021-12-13 02:29:52,55.222187,14.239873,7.1,239.9,Cargo,2
232018267,2021-12-13 02:29:55,55.222133,14.239725,7.2,239.1,Cargo,2
232018267,2021-12-13 02:29:58,55.222078,14.23957,7.4,238.9,Cargo,2
232018267,2021-12-13 02:29:58,55.222078,14.23957,7.4,238.9,Cargo,2
232018267,2021-12-13 02:30:03,55.221978,14.239303,7.6,238.0,Cargo,2
232018267,2021-12-13 02:30:06,55.221917,14.239142,7.7,237.3,Cargo,2
232018267,2021-12-13 02:30:09,55.221858,14.238975,7.8,236.9,Cargo,2
232018267,2021-12-13 02:30:13,55.221775,14.238757,8.0,236.3,Cargo,2
232018267,2021-12-13 02:30:15,55.221732,14.238648,8.1,235.7,Cargo,2
232018267,2021-12-13 02:30:18,55.221667,14.238482,8.2,234.8,Cargo,2
232018267,2021-12-13 02:30:23,55.221548,14.238193,8.3,234.0,Cargo,2
232018267,2021-12-13 02:30:24,55.221523,14.238135,8.4,233.6,Cargo,2
232018267,2021-12-13 02:30:29,55.221397,14.237855,8.6,232.0,Cargo,2
232018267,2021-12-13 02:30:32,55.22132,14.237698,8.7,231.1,Cargo,2
232018267,2021-12-13 02:30:35,55.221242,14.237538,8.8,230.3,Cargo,2
232018267,2021-12-13 02:30:39,55.221128,14.237318,8.9,228.9,Cargo,2
232018267,2021-12-13 02:30:42,55.221042,14.237157,9.0,227.8,Cargo,2
232018267,2021-12-13 02:30:49,55.220828,14.236788,9.2,225.3,Cargo,2
232018267,2021-12-13 02:30:52,55.220727,14.236638,9.2,224.1,Cargo,2
232018267,2021-12-13 02:30:55,55.220627,14.236495,9.3,222.9,Cargo,2
232018267,2021-12-13 02:30:58,55.220523,14.236347,9.4,221.6,Cargo,2
232018267,2021-12-13 02:31:04,55.220315,14.236062,9.5,219.0,Cargo,2
232018267,2021-12-13 02:31:09,55.220133,14.235845,9.5,216.3,Cargo,2
232018267,2021-12-13 02:31:12,55.220017,14.235718,9.6,214.6,Cargo,2
232018267,2021-12-13 02:31:16,55.219862,14.235558,9.6,212.3,Cargo,2
232018267,2021-12-13 02:31:18,55.219782,14.235482,9.7,211.3,Cargo,2
232018267,2021-12-13 02:31:22,55.219622,14.235333,9.7,208.8,Cargo,2
232018267,2021-12-13 02:31:26,55.21946,14.235188,9.7,206.2,Cargo,2
232018267,2021-12-13 02:31:29,55.219333,14.235088,9.7,204.2,Cargo,2
232018267,2021-12-13 02:31:32,55.219205,14.234998,9.7,202.2,Cargo,2
232018267,2021-12-13 02:31:35,55.219073,14.234927,9.8,200.1,Cargo,2
232018267,2021-12-13 02:31:39,55.218893,14.234847,9.7,197.1,Cargo,2
232018267,2021-12-13 02:31:41,55.218805,14.234817,9.7,195.3,Cargo,2
232018267,2021-12-13 02:31:45,55.218627,14.234763,9.7,192.3,Cargo,2
232018267,2021-12-13 02:31:49,55.218448,14.234723,9.7,189.0,Cargo,2
232018267,2021-12-13 02:31:52,55.218315,14.234708,9.7,186.5,Cargo,2
232018267,2021-12-13 02:31:55,55.21818,14.23471,9.7,184.0,Cargo,2
232018267,2021-12-13 02:31:58,55.218042,14.234737,9.6,181.1,Cargo,2
232018267,2021-12-13 02:32:01,55.217907,14.234768,9.6,178.5,Cargo,2
232018267,2021-12-13 02:32:06,55.217688,14.23484,9.6,174.6,Cargo,2
232018267,2021-12-13 02:32:09,55.21756,14.234898,9.5,170.8,Cargo,2
232018267,2021-12-13 02:32:12,55.217435,14.234967,9.5,168.0,Cargo,2
232018267,2021-12-13 02:32:15,55.217353,14.23502,9.5,165.9,Cargo,2
232018267,2021-12-13 02:32:18,55.21719,14.235137,9.4,161.9,Cargo,2
232018267,2021-12-13 02:32:23,55.216993,14.235307,9.3,158.0,Cargo,2
232018267,2021-12-13 02:32:26,55.216885,14.23542,9.3,153.8,Cargo,2
232018267,2021-12-13 02:32:29,55.21678,14.235545,9.2,150.7,Cargo,2
232018267,2021-12-13 02:32:31,55.216712,14.23563,9.2,148.6,Cargo,2
232018267,2021-12-13 02:32:36,55.216553,14.235862,9.1,143.0,Cargo,2
232018267,2021-12-13 02:32:39,55.216462,14.236018,9.1,139.8,Cargo,2
232018267,2021-12-13 02:32:42,55.216378,14.236183,9.0,136.6,Cargo,2
232018267,2021-12-13 02:32:45,55.216298,14.236355,9.0,133.1,Cargo,2
232018267,2021-12-13 02:32:49,55.216202,14.236592,8.9,128.7,Cargo,2
232018267,2021-12-13 02:32:52,55.21614,14.236777,8.9,125.3,Cargo,2
232018267,2021-12-13 02:32:56,55.216068,14.23704,8.8,121.9,Cargo,2
232018267,2021-12-13 02:32:58,55.216038,14.237168,8.8,118.3,Cargo,2
232018267,2021-12-13 02:33:02,55.21599,14.237433,8.6,112.5,Cargo,2
232018267,2021-12-13 02:33:06,55.21596,14.237708,8.4,105.7,Cargo,2
232018267,2021-12-13 02:33:09,55.215947,14.237912,8.3,101.3,Cargo,2
232018267,2021-12-13 02:33:12,55.215938,14.238112,8.2,98.1,Cargo,2
232018267,2021-12-13 02:33:15,55.215935,14.238313,8.2,95.6,Cargo,2
232018267,2021-12-13 02:33:18,55.215937,14.238513,8.3,93.3,Cargo,2
232018267,2021-12-13 02:33:22,55.215938,14.238782,8.3,91.2,Cargo,2
232018267,2021-12-13 02:33:26,55.215942,14.239062,8.4,89.7,Cargo,2
232018267,2021-12-13 02:33:29,55.215945,14.239273,8.4,88.9,Cargo,2
232018267,2021-12-13 02:33:35,55.215957,14.23969,8.5,87.9,Cargo,2
232018267,2021-12-13 02:33:39,55.215963,14.239968,8.6,88.5,Cargo,2
232018267,2021-12-13 02:33:41,55.215967,14.240107,8.6,88.8,Cargo,2
232018267,2021-12-13 02:33:49,55.215953,14.240665,8.6,92.4,Cargo,2
232018267,2021-12-13 02:33:52,55.215935,14.240873,8.6,94.8,Cargo,2
232018267,2021-12-13 02:33:54,55.215922,14.24101,8.5,96.6,Cargo,2
232018267,2021-12-13 02:33:58,55.215873,14.241263,8.3,102.7,Cargo,2
232018267,2021-12-13 02:34:02,55.215798,14.241478,7.8,111.3,Cargo,2
232018267,2021-12-13 02:34:06,55.215722,14.24167,7.5,118.8,Cargo,2
232018267,2021-12-13 02:34:09,55.215667,14.241812,7.4,123.4,Cargo,2
232018267,2021-12-13 02:34:12,55.215603,14.241945,7.4,126.5,Cargo,2
232018267,2021-12-13 02:34:15,55.215528,14.242065,7.3,131.5,Cargo,2
232018267,2021-12-13 02:34:18,55.215453,14.242173,7.2,136.9,Cargo,2
232018267,2021-12-13 02:34:22,55.215345,14.242308,7.3,141.4,Cargo,2
232018267,2021-12-13 02:34:26,55.21523,14.24243,7.3,144.0,Cargo,2
232018267,2021-12-13 02:34:29,55.215143,14.242542,7.4,145.4,Cargo,2
232018267,2021-12-13 02:34:31,55.215082,14.242613,7.6,146.4,Cargo,2
232018267,2021-12-13 02:34:36,55.21492,14.242777,7.7,148.7,Cargo,2
232018267,2021-12-13 02:34:39,55.214815,14.242872,7.8,150.4,Cargo,2
232018267,2021-12-13 02:34:43,55.214673,14.243,7.9,151.0,Cargo,2
232018267,2021-12-13 02:34:46,55.214603,14.243065,8.1,150.5,Cargo,2
232018267,2021-12-13 02:34:49,55.214467,14.243205,8.2,149.6,Cargo,2
232018267,2021-12-13 02:34:50,55.214467,14.243205,8.2,149.6,Cargo,2
232018267,2021-12-13 02:34:53,55.214332,14.24335,8.3,149.0,Cargo,2
232018267,2021-12-13 02:34:54,55.214298,14.243385,8.3,149.0,Cargo,2
232018267,2021-12-13 02:34:58,55.214157,14.243522,8.4,150.2,Cargo,2
232018267,2021-12-13 02:35:02,55.214017,14.24364,8.5,152.5,Cargo,2
232018267,2021-12-13 02:35:06,55.213872,14.243743,8.5,155.4,Cargo,2
232018267,2021-12-13 02:35:09,55.21376,14.243815,8.5,157.6,Cargo,2
232018267,2021-12-13 02:35:19,55.213605,14.2439,8.6,159.9,Cargo,2
232018267,2021-12-13 02:35:19,55.213525,14.243937,8.6,161.7,Cargo,2
232018267,2021-12-13 02:35:19,55.2134,14.243983,8.7,163.4,Cargo,2
232018267,2021-12-13 02:35:21,55.213238,14.24404,8.8,165.0,Cargo,2
232018267,2021-12-13 02:35:26,55.213073,14.24409,8.9,167.6,Cargo,2
232018267,2021-12-13 02:35:29,55.212948,14.244123,8.9,168.2,Cargo,2
232018267,2021-12-13 02:35:33,55.212783,14.244157,9.0,170.9,Cargo,2
232018267,2021-12-13 02:35:35,55.2127,14.244168,9.0,172.1,Cargo,2
232018267,2021-12-13 02:35:39,55.212532,14.244188,9.1,174.2,Cargo,2
232018267,2021-12-13 02:35:41,55.212448,14.244197,9.1,175.3,Cargo,2
232018267,2021-12-13 02:35:46,55.212233,14.244198,9.2,177.8,Cargo,2
232018267,2021-12-13 02:35:49,55.212102,14.24419,9.3,179.4,Cargo,2
232018267,2021-12-13 02:35:52,55.211967,14.244177,9.3,180.8,Cargo,2
232018267,2021-12-13 02:35:55,55.211833,14.244157,9.4,182.5,Cargo,2
232018267,2021-12-13 02:35:58,55.211702,14.244132,9.4,184.1,Cargo,2
232018267,2021-12-13 02:36:01,55.21157,14.244103,9.5,185.7,Cargo,2
232018267,2021-12-13 02:36:06,55.211347,14.244042,9.6,188.2,Cargo,2
232018267,2021-12-13 02:36:09,55.211215,14.243997,9.6,189.7,Cargo,2
232018267,2021-12-13 02:36:13,55.211037,14.24392,9.7,191.7,Cargo,2
232018267,2021-12-13 02:36:15,55.210945,14.24388,9.7,192.2,Cargo,2
232018267,2021-12-13 02:36:19,55.210772,14.243788,9.7,194.3,Cargo,2
232018267,2021-12-13 02:36:22,55.210645,14.243717,9.8,195.9,Cargo,2
232018267,2021-12-13 02:36:24,55.210562,14.243662,9.8,197.4,Cargo,2
232018267,2021-12-13 02:36:29,55.21035,14.243515,9.9,199.3,Cargo,2
232018267,2021-12-13 02:36:31,55.210265,14.243448,9.9,200.9,Cargo,2
232018267,2021-12-13 02:36:36,55.210055,14.243273,10.0,202.9,Cargo,2
232018267,2021-12-13 02:36:39,55.209932,14.243162,10.0,204.9,Cargo,2
232018267,2021-12-13 02:36:43,55.209767,14.243005,10.0,206.4,Cargo,2
232018267,2021-12-13 02:36:46,55.209648,14.242878,10.1,208.5,Cargo,2
232018267,2021-12-13 02:36:49,55.209528,14.242747,10.1,210.0,Cargo,2
232018267,2021-12-13 02:36:51,55.209447,14.24266,10.1,211.0,Cargo,2
232018267,2021-12-13 02:36:56,55.209292,14.242468,10.2,212.8,Cargo,2
232018267,2021-12-13 02:36:58,55.209177,14.242322,10.2,214.5,Cargo,2
232018267,2021-12-13 02:37:02,55.209028,14.242115,10.3,216.3,Cargo,2
232018267,2021-12-13 02:37:05,55.208918,14.241958,10.3,217.0,Cargo,2
232018267,2021-12-13 02:37:09,55.208775,14.241745,10.3,218.9,Cargo,2
232018267,2021-12-13 02:37:13,55.208635,14.24152,10.4,220.6,Cargo,2
232018267,2021-12-13 02:37:14,55.208602,14.241462,10.4,221.8,Cargo,2
232018267,2021-12-13 02:37:19,55.208433,14.241157,10.4,224.3,Cargo,2
